--DEO
insert into deo (iddeo, nazivdeo) values (0, 'Prednji pink dzep');
insert into deo (iddeo, nazivdeo) values (1, 'Zadnji pink dzep');
insert into deo (iddeo, nazivdeo) values (2, 'Postava');
insert into deo (iddeo, nazivdeo) values (3, 'Pregrada');
insert into deo (iddeo, nazivdeo) values (4, 'Dugme');
insert into deo (iddeo, nazivdeo) values (5, 'Prednji crveni dzep');
insert into deo (iddeo, nazivdeo) values (6, 'Zadnji crveni dzep');
insert into deo (iddeo, nazivdeo) values (7, 'Prednji plavi dzep');
insert into deo (iddeo, nazivdeo) values (8, 'Zadnji plavi dzep');
insert into deo (iddeo, nazivdeo) values (9, 'Prednji crni dzep');
insert into deo (iddeo, nazivdeo) values (10, 'Zadnji crni dzep');
insert into deo (iddeo, nazivdeo) values (11, 'Prednji teget dzep');
insert into deo (iddeo, nazivdeo) values (12, 'Zadnji teget dzep');
insert into deo (iddeo, nazivdeo) values (13, 'Prednji beli dzep');
insert into deo (iddeo, nazivdeo) values (14, 'Zadnji beli dzep');
insert into deo (iddeo, nazivdeo) values (15, 'Prednji zeleni dzep');
insert into deo (iddeo, nazivdeo) values (16, 'Zadnji zeleni dzep');

--PROIZVOD
insert into proizvod (idpro, nazivpro) values (0, 'Crni novcanik - za dame');
insert into proizvod (idpro, nazivpro) values (1, 'Crveni novcanik - zmijska koza - za dame');
insert into proizvod (idpro, nazivpro) values (2, 'Crveni novcanik sa belim cvetovima - za dame');
insert into proizvod (idpro, nazivpro) values (3, 'Plavi novcanik - zmijska koza - za dame');
insert into proizvod (idpro, nazivpro) values (4, 'Plavi novcanik sa zutim zvezdama - za dame');
insert into proizvod (idpro, nazivpro) values (5, 'Zeleni novcanik - zmijska koza - za dame');
insert into proizvod (idpro, nazivpro) values (6, 'Zeleni novcanik - bele tufne - za dame');
insert into proizvod (idpro, nazivpro) values (7, 'Pink novcanik - za dame');
insert into proizvod (idpro, nazivpro) values (8, 'Pink novcanik - zmijska koza - za dame');
insert into proizvod (idpro, nazivpro) values (9, 'Pink novcanik sa belim cvetovima - za dame');
insert into proizvod (idpro, nazivpro) values (10, 'Ljubicasti novcanik - zmijska koza - za dame');
insert into proizvod (idpro, nazivpro) values (11, 'Ljubicasti novcanik sa zutim zvezdama - za dame');
insert into proizvod (idpro, nazivpro) values (12, 'Teget novcanik - zmijska koza - za dame');
insert into proizvod (idpro, nazivpro) values (13, 'Teget novcanik - bele tufne - za dame');
insert into proizvod (idpro, nazivpro) values (14, 'Crni novcanik - za gospodu');
insert into proizvod (idpro, nazivpro) values (15, 'Crveni novcanik - zmijska koza - za gospodu');
insert into proizvod (idpro, nazivpro) values (16, 'Crveni novcanik sa belim cvetovima - za gospodu');
insert into proizvod (idpro, nazivpro) values (17, 'Plavi novcanik - zmijska koza - za gospodu');
insert into proizvod (idpro, nazivpro) values (18, 'Plavi novcanik sa zutim zvezdama - za gospodu');
insert into proizvod (idpro, nazivpro) values (19, 'Zeleni novcanik - zmijska koza - za gospodu');
insert into proizvod (idpro, nazivpro) values (20, 'Zeleni novcanik - bele tufne - za gospodu');
insert into proizvod (idpro, nazivpro) values (21, 'Pink novcanik - za gospodu');
insert into proizvod (idpro, nazivpro) values (22, 'Pink novcanik - zmijska koza - za gospodu');
insert into proizvod (idpro, nazivpro) values (23, 'Pink novcanik sa belim cvetovima - za gospodu');
insert into proizvod (idpro, nazivpro) values (24, 'Ljubicasti novcanik - zmijska koza - za gospodu');
insert into proizvod (idpro, nazivpro) values (25, 'Ljubicasti novcanik sa zutim zvezdama - za gospodu');
insert into proizvod (idpro, nazivpro) values (26, 'Teget novcanik - zmijska koza - za gospodu');
insert into proizvod (idpro, nazivpro) values (27, 'Teget novcanik - bele tufne - za gospodu');
insert into proizvod (idpro, nazivpro) values (28, 'Crna velika torba - za dame');
insert into proizvod (idpro, nazivpro) values (29, 'Crna mala torba - za dame');
insert into proizvod (idpro, nazivpro) values (30, 'Bela srednja torba - za dame');
insert into proizvod (idpro, nazivpro) values (31, 'Teget mala torba - za dame');
insert into proizvod (idpro, nazivpro) values (32, 'Teget velika torba - za dame');
insert into proizvod (idpro, nazivpro) values (33, 'Ranac - za dame');
insert into proizvod (idpro, nazivpro) values (34, 'Putna torba - za dame');
insert into proizvod (idpro, nazivpro) values (35, 'Crna mala torba - za gospodu');
insert into proizvod (idpro, nazivpro) values (36, 'Bela srednja torba - za gospodu');
insert into proizvod (idpro, nazivpro) values (37, 'Teget mala torba - za gospodu');
insert into proizvod (idpro, nazivpro) values (38, 'Teget velika torba - za gospodu');
insert into proizvod (idpro, nazivpro) values (39, 'Ranac - za gospodu');
insert into proizvod (idpro, nazivpro) values (40, 'Putna torba - za gospodu');

--FIRMA
insert into firma (idfirm, nazivfirm, adrfirm) values (0, 'Firma 0', 'Adresa 0');
insert into firma (idfirm, nazivfirm, adrfirm) values (1, 'Firma 1', 'Adresa 1');
insert into firma (idfirm, nazivfirm, adrfirm) values (2, 'Firma 1', 'Adresa 2');

--POSLOVODJA
insert into poslovodja (idposl, imeposl, przposl) values (0, 'Bojana', 'Karanovic');
insert into poslovodja (idposl, imeposl, przposl) values (1, 'Milena', 'Jelic');
insert into poslovodja (idposl, imeposl, przposl) values (2, 'Stefan', 'Kurcan');

--ODELENJE
insert into odelenje (idodelenja, nazivodel, odelenje_idodelenja, poslovodja_idposl, firma_idfirm) values (0, 'Odelenje 1', 0, 0, 0);
insert into odelenje (idodelenja, nazivodel, odelenje_idodelenja, poslovodja_idposl, firma_idfirm) values (1, 'Odelenje 2', 0, 1, 0);
insert into odelenje (idodelenja, nazivodel, odelenje_idodelenja, poslovodja_idposl, firma_idfirm) values (2, 'Odelenje 3', 0, 2, 0);


--RADNIK
insert into radnik (idrad, imerad, przrad, poslovodja_idposl, tiprad) values (0, 'Nada', 'Karanovic', 0, 'Krojac');
insert into radnik (idrad, imerad, przrad, poslovodja_idposl, tiprad) values (1, 'Dusan', 'Karanovic', 0, 'Krojac');
insert into radnik (idrad, imerad, przrad, poslovodja_idposl, tiprad) values (2, 'Milan', 'Karanovic', 0, 'Krojac');

insert into radnik (idrad, imerad, przrad, poslovodja_idposl, tiprad) values (3, 'Sara', 'Knezevic', 1, 'Prodavac');
insert into radnik (idrad, imerad, przrad, poslovodja_idposl, tiprad) values (4, 'Marko', 'Ristic', 1, 'Prodavac');
insert into radnik (idrad, imerad, przrad, poslovodja_idposl, tiprad) values (5, 'Nemanja', 'Milovanovic', 1, 'Prodavac');

insert into radnik (idrad, imerad, przrad, poslovodja_idposl, tiprad) values (6, 'Dragan', 'Kovacevic', 1, 'Dobavljac');
insert into radnik (idrad, imerad, przrad, poslovodja_idposl, tiprad) values (7, 'Aleksandra', 'Rodic', 1, 'Dobavljac');

insert into radnik (idrad, imerad, przrad, poslovodja_idposl, tiprad) values (8, 'Sanja', 'Ninkovic', 2, 'Spremac');
insert into radnik (idrad, imerad, przrad, poslovodja_idposl, tiprad) values (9, 'Josip', 'Markovic', 2, 'Spremac');
insert into radnik (idrad, imerad, przrad, poslovodja_idposl, tiprad) values (10, 'Strahinja', 'Milovanovic', 2, 'Spremac');

--KROJAC
insert into krojac (idrad, tipmasine) values (0, 'Stara masina');
insert into krojac (idrad, tipmasine) values (1, 'Stara masina');
insert into krojac (idrad, tipmasine) values (2, 'Nova masina');

--DOBAVLJAC
insert into dobavljac (idrad, email) values (6, 'dragan@mail.com');
insert into dobavljac (idrad, email) values (7, 'aleksandra@mail.com');

--SIROVINA
insert into sirovina (idsir, nazivsir) values (0, 'Crvena koza');
insert into sirovina (idsir, nazivsir) values (1, 'Crna koza');
insert into sirovina (idsir, nazivsir) values (2, 'Teget koza');
insert into sirovina (idsir, nazivsir) values (3, 'Bela koza');
insert into sirovina (idsir, nazivsir) values (4, 'Zuta koza');
insert into sirovina (idsir, nazivsir) values (5, 'Zelena koza');
insert into sirovina (idsir, nazivsir) values (6, 'Pink koza');
insert into sirovina (idsir, nazivsir) values (7, 'Plava koza');
insert into sirovina (idsir, nazivsir) values (8, 'Najlon');
insert into sirovina (idsir, nazivsir) values (9, 'Karton');
insert into sirovina (idsir, nazivsir) values (10, 'Drikeri');
insert into sirovina (idsir, nazivsir) values (11, 'Tkanina');
insert into sirovina (idsir, nazivsir) values (12, 'Sundjer');

--SADRZI
insert into sadrzi(deo_iddeo, sirovina_idsir) values (0, 6);
insert into sadrzi(deo_iddeo, sirovina_idsir) values (1, 6);

insert into sadrzi(deo_iddeo, sirovina_idsir) values (2, 11);
insert into sadrzi(deo_iddeo, sirovina_idsir) values (2, 12);

insert into sadrzi(deo_iddeo, sirovina_idsir) values (3, 9);
insert into sadrzi(deo_iddeo, sirovina_idsir) values (3, 12);
insert into sadrzi(deo_iddeo, sirovina_idsir) values (4, 9);
insert into sadrzi(deo_iddeo, sirovina_idsir) values (4, 10);
insert into sadrzi(deo_iddeo, sirovina_idsir) values (5, 0);
insert into sadrzi(deo_iddeo, sirovina_idsir) values (6, 0);
insert into sadrzi(deo_iddeo, sirovina_idsir) values (7, 7);
insert into sadrzi(deo_iddeo, sirovina_idsir) values (8, 7);
insert into sadrzi(deo_iddeo, sirovina_idsir) values (9, 1);
insert into sadrzi(deo_iddeo, sirovina_idsir) values (10, 1);
insert into sadrzi(deo_iddeo, sirovina_idsir) values (11, 2);
insert into sadrzi(deo_iddeo, sirovina_idsir) values (12, 2);
insert into sadrzi(deo_iddeo, sirovina_idsir) values (13, 3);
insert into sadrzi(deo_iddeo, sirovina_idsir) values (14, 3);
insert into sadrzi(deo_iddeo, sirovina_idsir) values (15, 5);
insert into sadrzi(deo_iddeo, sirovina_idsir) values (16, 5);

--PRAVI
insert into pravi (krojac_idrad, proizvod_idpro) values (0, 0);
insert into pravi (krojac_idrad, proizvod_idpro) values (0, 1);
insert into pravi (krojac_idrad, proizvod_idpro) values (0, 2);
insert into pravi (krojac_idrad, proizvod_idpro) values (0, 3);
insert into pravi (krojac_idrad, proizvod_idpro) values (0, 4);
insert into pravi (krojac_idrad, proizvod_idpro) values (0, 5);
insert into pravi (krojac_idrad, proizvod_idpro) values (0, 6);
insert into pravi (krojac_idrad, proizvod_idpro) values (0, 7);
insert into pravi (krojac_idrad, proizvod_idpro) values (0, 8);
insert into pravi (krojac_idrad, proizvod_idpro) values (0, 9);
insert into pravi (krojac_idrad, proizvod_idpro) values (0, 10);
insert into pravi (krojac_idrad, proizvod_idpro) values (0, 11);
insert into pravi (krojac_idrad, proizvod_idpro) values (1, 12);
insert into pravi (krojac_idrad, proizvod_idpro) values (1, 13);
insert into pravi (krojac_idrad, proizvod_idpro) values (1, 14);
insert into pravi (krojac_idrad, proizvod_idpro) values (1, 15);
insert into pravi (krojac_idrad, proizvod_idpro) values (1, 16);
insert into pravi (krojac_idrad, proizvod_idpro) values (1, 17);
insert into pravi (krojac_idrad, proizvod_idpro) values (1, 18);
insert into pravi (krojac_idrad, proizvod_idpro) values (1, 19);
insert into pravi (krojac_idrad, proizvod_idpro) values (1, 20);
insert into pravi (krojac_idrad, proizvod_idpro) values (1, 21);
insert into pravi (krojac_idrad, proizvod_idpro) values (1, 22);
insert into pravi (krojac_idrad, proizvod_idpro) values (1, 23);
insert into pravi (krojac_idrad, proizvod_idpro) values (1, 24);
insert into pravi (krojac_idrad, proizvod_idpro) values (1, 25);
insert into pravi (krojac_idrad, proizvod_idpro) values (2, 26);
insert into pravi (krojac_idrad, proizvod_idpro) values (2, 27);
insert into pravi (krojac_idrad, proizvod_idpro) values (2, 28);
insert into pravi (krojac_idrad, proizvod_idpro) values (2, 29);
insert into pravi (krojac_idrad, proizvod_idpro) values (2, 30);
insert into pravi (krojac_idrad, proizvod_idpro) values (2, 31);
insert into pravi (krojac_idrad, proizvod_idpro) values (2, 32);
insert into pravi (krojac_idrad, proizvod_idpro) values (2, 33);
insert into pravi (krojac_idrad, proizvod_idpro) values (2, 34);
insert into pravi (krojac_idrad, proizvod_idpro) values (2, 35);
insert into pravi (krojac_idrad, proizvod_idpro) values (0, 36);
insert into pravi (krojac_idrad, proizvod_idpro) values (0, 37);
insert into pravi (krojac_idrad, proizvod_idpro) values (0, 38);
insert into pravi (krojac_idrad, proizvod_idpro) values (0, 39);
insert into pravi (krojac_idrad, proizvod_idpro) values (0, 40);


--SASTOJI
insert into sastoji (deo_iddeo, proizvod_idpro) values (9, 0);
insert into sastoji (deo_iddeo, proizvod_idpro) values (10, 0);
insert into sastoji (deo_iddeo, proizvod_idpro) values (2, 0);
insert into sastoji (deo_iddeo, proizvod_idpro) values (3, 0);
insert into sastoji (deo_iddeo, proizvod_idpro) values (4, 0);

insert into sastoji (deo_iddeo, proizvod_idpro) values (5, 1);
insert into sastoji (deo_iddeo, proizvod_idpro) values (6, 1);
insert into sastoji (deo_iddeo, proizvod_idpro) values (2, 1);
insert into sastoji (deo_iddeo, proizvod_idpro) values (3, 1);
insert into sastoji (deo_iddeo, proizvod_idpro) values (4, 1);

insert into sastoji (deo_iddeo, proizvod_idpro) values (5, 2);
insert into sastoji (deo_iddeo, proizvod_idpro) values (6, 2);
insert into sastoji (deo_iddeo, proizvod_idpro) values (2, 2);
insert into sastoji (deo_iddeo, proizvod_idpro) values (3, 2);
insert into sastoji (deo_iddeo, proizvod_idpro) values (4, 2);

insert into sastoji (deo_iddeo, proizvod_idpro) values (7, 3);
insert into sastoji (deo_iddeo, proizvod_idpro) values (8, 3);
insert into sastoji (deo_iddeo, proizvod_idpro) values (2, 3);
insert into sastoji (deo_iddeo, proizvod_idpro) values (3, 3);
insert into sastoji (deo_iddeo, proizvod_idpro) values (4, 3);

insert into sastoji (deo_iddeo, proizvod_idpro) values (7, 4);
insert into sastoji (deo_iddeo, proizvod_idpro) values (8, 4);
insert into sastoji (deo_iddeo, proizvod_idpro) values (2, 4);
insert into sastoji (deo_iddeo, proizvod_idpro) values (3, 4);
insert into sastoji (deo_iddeo, proizvod_idpro) values (4, 4);

insert into sastoji (deo_iddeo, proizvod_idpro) values (15, 5);
insert into sastoji (deo_iddeo, proizvod_idpro) values (16, 5);
insert into sastoji (deo_iddeo, proizvod_idpro) values (2, 5);
insert into sastoji (deo_iddeo, proizvod_idpro) values (3, 5);
insert into sastoji (deo_iddeo, proizvod_idpro) values (4, 5);

insert into sastoji (deo_iddeo, proizvod_idpro) values (15, 6);
insert into sastoji (deo_iddeo, proizvod_idpro) values (16, 6);
insert into sastoji (deo_iddeo, proizvod_idpro) values (2, 6);
insert into sastoji (deo_iddeo, proizvod_idpro) values (3, 6);
insert into sastoji (deo_iddeo, proizvod_idpro) values (4, 6);

insert into sastoji (deo_iddeo, proizvod_idpro) values (0, 7);
insert into sastoji (deo_iddeo, proizvod_idpro) values (1, 7);
insert into sastoji (deo_iddeo, proizvod_idpro) values (2, 7);
insert into sastoji (deo_iddeo, proizvod_idpro) values (3, 7);
insert into sastoji (deo_iddeo, proizvod_idpro) values (4, 7);

insert into sastoji (deo_iddeo, proizvod_idpro) values (0, 8);
insert into sastoji (deo_iddeo, proizvod_idpro) values (1, 8);
insert into sastoji (deo_iddeo, proizvod_idpro) values (2, 8);
insert into sastoji (deo_iddeo, proizvod_idpro) values (3, 8);
insert into sastoji (deo_iddeo, proizvod_idpro) values (4, 8);

insert into sastoji (deo_iddeo, proizvod_idpro) values (0, 9);
insert into sastoji (deo_iddeo, proizvod_idpro) values (1, 9);
insert into sastoji (deo_iddeo, proizvod_idpro) values (2, 9);
insert into sastoji (deo_iddeo, proizvod_idpro) values (3, 9);
insert into sastoji (deo_iddeo, proizvod_idpro) values (4, 9);

insert into sastoji (deo_iddeo, proizvod_idpro) values (7, 10);
insert into sastoji (deo_iddeo, proizvod_idpro) values (8, 10);
insert into sastoji (deo_iddeo, proizvod_idpro) values (2, 10);
insert into sastoji (deo_iddeo, proizvod_idpro) values (3, 10);
insert into sastoji (deo_iddeo, proizvod_idpro) values (4, 10);

insert into sastoji (deo_iddeo, proizvod_idpro) values (7, 11);
insert into sastoji (deo_iddeo, proizvod_idpro) values (8, 11);
insert into sastoji (deo_iddeo, proizvod_idpro) values (2, 11);
insert into sastoji (deo_iddeo, proizvod_idpro) values (3, 11);
insert into sastoji (deo_iddeo, proizvod_idpro) values (4, 11);

insert into sastoji (deo_iddeo, proizvod_idpro) values (11, 12);
insert into sastoji (deo_iddeo, proizvod_idpro) values (12, 12);
insert into sastoji (deo_iddeo, proizvod_idpro) values (2, 12);
insert into sastoji (deo_iddeo, proizvod_idpro) values (3, 12);
insert into sastoji (deo_iddeo, proizvod_idpro) values (4, 12);

insert into sastoji (deo_iddeo, proizvod_idpro) values (11, 13);
insert into sastoji (deo_iddeo, proizvod_idpro) values (12, 13);
insert into sastoji (deo_iddeo, proizvod_idpro) values (2, 13);
insert into sastoji (deo_iddeo, proizvod_idpro) values (3, 13);
insert into sastoji (deo_iddeo, proizvod_idpro) values (4, 13);

insert into sastoji (deo_iddeo, proizvod_idpro) values (9, 14);
insert into sastoji (deo_iddeo, proizvod_idpro) values (10, 14);
insert into sastoji (deo_iddeo, proizvod_idpro) values (2, 14);
insert into sastoji (deo_iddeo, proizvod_idpro) values (3, 14);
insert into sastoji (deo_iddeo, proizvod_idpro) values (4, 14);

insert into sastoji (deo_iddeo, proizvod_idpro) values (5, 15);
insert into sastoji (deo_iddeo, proizvod_idpro) values (6, 15);
insert into sastoji (deo_iddeo, proizvod_idpro) values (2, 15);
insert into sastoji (deo_iddeo, proizvod_idpro) values (3, 15);
insert into sastoji (deo_iddeo, proizvod_idpro) values (4, 15);

insert into sastoji (deo_iddeo, proizvod_idpro) values (5, 16);
insert into sastoji (deo_iddeo, proizvod_idpro) values (6, 16);
insert into sastoji (deo_iddeo, proizvod_idpro) values (2, 16);
insert into sastoji (deo_iddeo, proizvod_idpro) values (3, 16);
insert into sastoji (deo_iddeo, proizvod_idpro) values (4, 16);

insert into sastoji (deo_iddeo, proizvod_idpro) values (7, 17);
insert into sastoji (deo_iddeo, proizvod_idpro) values (8, 17);
insert into sastoji (deo_iddeo, proizvod_idpro) values (2, 17);
insert into sastoji (deo_iddeo, proizvod_idpro) values (3, 17);
insert into sastoji (deo_iddeo, proizvod_idpro) values (4, 17);

insert into sastoji (deo_iddeo, proizvod_idpro) values (7, 18);
insert into sastoji (deo_iddeo, proizvod_idpro) values (8, 18);
insert into sastoji (deo_iddeo, proizvod_idpro) values (2, 18);
insert into sastoji (deo_iddeo, proizvod_idpro) values (3, 18);
insert into sastoji (deo_iddeo, proizvod_idpro) values (4, 18);

insert into sastoji (deo_iddeo, proizvod_idpro) values (15, 19);
insert into sastoji (deo_iddeo, proizvod_idpro) values (16, 19);
insert into sastoji (deo_iddeo, proizvod_idpro) values (2, 19);
insert into sastoji (deo_iddeo, proizvod_idpro) values (3, 19);
insert into sastoji (deo_iddeo, proizvod_idpro) values (4, 19);

insert into sastoji (deo_iddeo, proizvod_idpro) values (15, 20);
insert into sastoji (deo_iddeo, proizvod_idpro) values (16, 20);
insert into sastoji (deo_iddeo, proizvod_idpro) values (2, 20);
insert into sastoji (deo_iddeo, proizvod_idpro) values (3, 20);
insert into sastoji (deo_iddeo, proizvod_idpro) values (4, 20);

insert into sastoji (deo_iddeo, proizvod_idpro) values (0, 21);
insert into sastoji (deo_iddeo, proizvod_idpro) values (1, 21);
insert into sastoji (deo_iddeo, proizvod_idpro) values (2, 21);
insert into sastoji (deo_iddeo, proizvod_idpro) values (3, 21);
insert into sastoji (deo_iddeo, proizvod_idpro) values (4, 21);

insert into sastoji (deo_iddeo, proizvod_idpro) values (0, 22);
insert into sastoji (deo_iddeo, proizvod_idpro) values (1, 22);
insert into sastoji (deo_iddeo, proizvod_idpro) values (2, 22);
insert into sastoji (deo_iddeo, proizvod_idpro) values (3, 22);
insert into sastoji (deo_iddeo, proizvod_idpro) values (4, 22);

insert into sastoji (deo_iddeo, proizvod_idpro) values (0, 23);
insert into sastoji (deo_iddeo, proizvod_idpro) values (1, 23);
insert into sastoji (deo_iddeo, proizvod_idpro) values (2, 23);
insert into sastoji (deo_iddeo, proizvod_idpro) values (3, 23);
insert into sastoji (deo_iddeo, proizvod_idpro) values (4, 23);

insert into sastoji (deo_iddeo, proizvod_idpro) values (7, 24);
insert into sastoji (deo_iddeo, proizvod_idpro) values (8, 24);
insert into sastoji (deo_iddeo, proizvod_idpro) values (2, 24);
insert into sastoji (deo_iddeo, proizvod_idpro) values (3, 24);
insert into sastoji (deo_iddeo, proizvod_idpro) values (4, 24);

insert into sastoji (deo_iddeo, proizvod_idpro) values (7, 25);
insert into sastoji (deo_iddeo, proizvod_idpro) values (8, 25);
insert into sastoji (deo_iddeo, proizvod_idpro) values (2, 25);
insert into sastoji (deo_iddeo, proizvod_idpro) values (3, 25);
insert into sastoji (deo_iddeo, proizvod_idpro) values (4, 25);

insert into sastoji (deo_iddeo, proizvod_idpro) values (11, 26);
insert into sastoji (deo_iddeo, proizvod_idpro) values (12, 26);
insert into sastoji (deo_iddeo, proizvod_idpro) values (2, 26);
insert into sastoji (deo_iddeo, proizvod_idpro) values (3, 26);
insert into sastoji (deo_iddeo, proizvod_idpro) values (4, 26);

insert into sastoji (deo_iddeo, proizvod_idpro) values (11, 27);
insert into sastoji (deo_iddeo, proizvod_idpro) values (12, 27);
insert into sastoji (deo_iddeo, proizvod_idpro) values (2, 27);
insert into sastoji (deo_iddeo, proizvod_idpro) values (3, 27);
insert into sastoji (deo_iddeo, proizvod_idpro) values (4, 27);

--PRODAVNICA
insert into prodavnica (idprod, nazprod, adrprod, brtel) values (0, 'Prodavnica 1', 'Adresa prodavnice 1', '111-222');
insert into prodavnica (idprod, nazprod, adrprod, brtel) values (1, 'Prodavnica 2', 'Adresa prodavnice 2', '111-333');

--PRODAVAC
insert into prodavac (idrad, email, prodavnica_idprod) values (3, 'sara@mail.com', 0);
insert into prodavac (idrad, email, prodavnica_idprod) values (4, 'marko@mail.com', 0);
insert into prodavac (idrad, email, prodavnica_idprod) values (5, 'nemanja@mail.com', 1);

--NABAVLJA
insert into nabavlja (dobavljac_idrad, sirovina_idsir) values (6, 0);
insert into nabavlja (dobavljac_idrad, sirovina_idsir) values (6, 1);
insert into nabavlja (dobavljac_idrad, sirovina_idsir) values (6, 2);
insert into nabavlja (dobavljac_idrad, sirovina_idsir) values (6, 3);
insert into nabavlja (dobavljac_idrad, sirovina_idsir) values (6, 4);
insert into nabavlja (dobavljac_idrad, sirovina_idsir) values (6, 5);
insert into nabavlja (dobavljac_idrad, sirovina_idsir) values (6, 6);
insert into nabavlja (dobavljac_idrad, sirovina_idsir) values (7, 7);
insert into nabavlja (dobavljac_idrad, sirovina_idsir) values (7, 8);
insert into nabavlja (dobavljac_idrad, sirovina_idsir) values (7, 9);
insert into nabavlja (dobavljac_idrad, sirovina_idsir) values (7, 10);
insert into nabavlja (dobavljac_idrad, sirovina_idsir) values (7, 11);
insert into nabavlja (dobavljac_idrad, sirovina_idsir) values (7, 12);

--NUDI
insert into nudi (nudi_id, prodavnica_idprod, proizvod_idpro, cena) values (0, 0, 1, 2500);
insert into nudi (nudi_id, prodavnica_idprod, proizvod_idpro, cena) values (1, 0, 2, 3500);
insert into nudi (nudi_id, prodavnica_idprod, proizvod_idpro, cena) values (2, 0, 3, 2500);
insert into nudi (nudi_id, prodavnica_idprod, proizvod_idpro, cena) values (3, 0, 4, 3000);
insert into nudi (nudi_id, prodavnica_idprod, proizvod_idpro, cena) values (4, 0, 5, 2500);
insert into nudi (nudi_id, prodavnica_idprod, proizvod_idpro, cena) values (5, 0, 6, 3500);
insert into nudi (nudi_id, prodavnica_idprod, proizvod_idpro, cena) values (6, 0, 7, 2000);
insert into nudi (nudi_id, prodavnica_idprod, proizvod_idpro, cena) values (7, 0, 8, 3500);
insert into nudi (nudi_id, prodavnica_idprod, proizvod_idpro, cena) values (8, 0, 9, 4200);
insert into nudi (nudi_id, prodavnica_idprod, proizvod_idpro, cena) values (9, 0, 10, 3800);
insert into nudi (nudi_id, prodavnica_idprod, proizvod_idpro, cena) values (10, 0, 11, 2500);
insert into nudi (nudi_id, prodavnica_idprod, proizvod_idpro, cena) values (11, 0, 12, 4000);
insert into nudi (nudi_id, prodavnica_idprod, proizvod_idpro, cena) values (12, 0, 13, 2500);
insert into nudi (nudi_id, prodavnica_idprod, proizvod_idpro, cena) values (13, 0, 14, 5500);
insert into nudi (nudi_id, prodavnica_idprod, proizvod_idpro, cena) values (14, 0, 15, 2200);
insert into nudi (nudi_id, prodavnica_idprod, proizvod_idpro, cena) values (15, 0, 16, 4400);
insert into nudi (nudi_id, prodavnica_idprod, proizvod_idpro, cena) values (16, 0, 17, 2000);
insert into nudi (nudi_id, prodavnica_idprod, proizvod_idpro, cena) values (17, 0, 18, 3500);
insert into nudi (nudi_id, prodavnica_idprod, proizvod_idpro, cena) values (18, 0, 19, 4500);
insert into nudi (nudi_id, prodavnica_idprod, proizvod_idpro, cena) values (19, 0, 20, 3800);
insert into nudi (nudi_id, prodavnica_idprod, proizvod_idpro, cena) values (20, 0, 21, 2500);
insert into nudi (nudi_id, prodavnica_idprod, proizvod_idpro, cena) values (21, 0, 22, 4800);
insert into nudi (nudi_id, prodavnica_idprod, proizvod_idpro, cena) values (22, 0, 23, 2500);
insert into nudi (nudi_id, prodavnica_idprod, proizvod_idpro, cena) values (23, 0, 24, 5500);
insert into nudi (nudi_id, prodavnica_idprod, proizvod_idpro, cena) values (24, 0, 25, 2200);
insert into nudi (nudi_id, prodavnica_idprod, proizvod_idpro, cena) values (25, 0, 26, 4400);

insert into nudi (nudi_id, prodavnica_idprod, proizvod_idpro, cena) values (26, 1, 7, 2000);
insert into nudi (nudi_id, prodavnica_idprod, proizvod_idpro, cena) values (27, 1, 18, 3500);
insert into nudi (nudi_id, prodavnica_idprod, proizvod_idpro, cena) values (28, 1, 9, 4500);
insert into nudi (nudi_id, prodavnica_idprod, proizvod_idpro, cena) values (29, 1, 0, 3800);
insert into nudi (nudi_id, prodavnica_idprod, proizvod_idpro, cena) values (30, 1, 5, 2900);
insert into nudi (nudi_id, prodavnica_idprod, proizvod_idpro, cena) values (31, 1, 26, 4000);
insert into nudi (nudi_id, prodavnica_idprod, proizvod_idpro, cena) values (32, 1, 3, 2500);
insert into nudi (nudi_id, prodavnica_idprod, proizvod_idpro, cena) values (33, 1, 16, 5500);
insert into nudi (nudi_id, prodavnica_idprod, proizvod_idpro, cena) values (34, 1, 4, 2600);
insert into nudi (nudi_id, prodavnica_idprod, proizvod_idpro, cena) values (35, 1, 15, 4100);
insert into nudi (nudi_id, prodavnica_idprod, proizvod_idpro, cena) values (36, 1, 11, 2200);

--RACUN
insert into racun (idrac, prodavac_idrad) values (0, 3);
insert into racun (idrac, prodavac_idrad) values (1, 3);
insert into racun (idrac, prodavac_idrad) values (2, 3);
insert into racun (idrac, prodavac_idrad) values (3, 4);
insert into racun (idrac, prodavac_idrad) values (4, 4);
insert into racun (idrac, prodavac_idrad) values (5, 5);
insert into racun (idrac, prodavac_idrad) values (6, 5);

--STAVKA
insert into stavka (rbrst, kolicina, racun_idrac, racun_prodavac_idrad, nudi_nudi_id) values (0, 1, 0, 3, 0);
insert into stavka (rbrst, kolicina, racun_idrac, racun_prodavac_idrad, nudi_nudi_id) values (1, 2, 0, 3, 3);
insert into stavka (rbrst, kolicina, racun_idrac, racun_prodavac_idrad, nudi_nudi_id) values (2, 1, 0, 3, 11);

insert into stavka (rbrst, kolicina, racun_idrac, racun_prodavac_idrad, nudi_nudi_id) values (4, 1, 1, 3, 2);
insert into stavka (rbrst, kolicina, racun_idrac, racun_prodavac_idrad, nudi_nudi_id) values (5, 1, 1, 3, 7);
insert into stavka (rbrst, kolicina, racun_idrac, racun_prodavac_idrad, nudi_nudi_id) values (6, 1, 1, 3, 9);

insert into stavka (rbrst, kolicina, racun_idrac, racun_prodavac_idrad, nudi_nudi_id) values (7, 1, 2, 3, 20);
insert into stavka (rbrst, kolicina, racun_idrac, racun_prodavac_idrad, nudi_nudi_id) values (8, 1, 2, 3, 5);
insert into stavka (rbrst, kolicina, racun_idrac, racun_prodavac_idrad, nudi_nudi_id) values (9, 2, 2, 3, 19);
insert into stavka (rbrst, kolicina, racun_idrac, racun_prodavac_idrad, nudi_nudi_id) values (10, 1, 2, 3, 8);

insert into stavka (rbrst, kolicina, racun_idrac, racun_prodavac_idrad, nudi_nudi_id) values (11, 3, 3, 4, 12);
insert into stavka (rbrst, kolicina, racun_idrac, racun_prodavac_idrad, nudi_nudi_id) values (12, 1, 3, 4, 1);

insert into stavka (rbrst, kolicina, racun_idrac, racun_prodavac_idrad, nudi_nudi_id) values (13, 2, 4, 4, 13);
insert into stavka (rbrst, kolicina, racun_idrac, racun_prodavac_idrad, nudi_nudi_id) values (14, 1, 4, 4, 14);

insert into stavka (rbrst, kolicina, racun_idrac, racun_prodavac_idrad, nudi_nudi_id) values (15, 1, 5, 5, 25);
insert into stavka (rbrst, kolicina, racun_idrac, racun_prodavac_idrad, nudi_nudi_id) values (16, 1, 5, 5, 29);
insert into stavka (rbrst, kolicina, racun_idrac, racun_prodavac_idrad, nudi_nudi_id) values (17, 1, 5, 5, 34);
insert into stavka (rbrst, kolicina, racun_idrac, racun_prodavac_idrad, nudi_nudi_id) values (18, 1, 5, 5, 30);

insert into stavka (rbrst, kolicina, racun_idrac, racun_prodavac_idrad, nudi_nudi_id) values (19, 1, 6, 5, 27);
insert into stavka (rbrst, kolicina, racun_idrac, racun_prodavac_idrad, nudi_nudi_id) values (20, 1, 6, 5, 26);
insert into stavka (rbrst, kolicina, racun_idrac, racun_prodavac_idrad, nudi_nudi_id) values (21, 1, 6, 5, 32);
insert into stavka (rbrst, kolicina, racun_idrac, racun_prodavac_idrad, nudi_nudi_id) values (22, 1, 6, 5, 30);


